1/1/2021,29912,28096,29268,29668.86,28627.12,29337.16
1/2/2021,30112,28620,29472,33480,28958.24,32199.91
1/3/2021,32700,28968,31428,34832.25,32000.02,33054.53
1/4/2021,35280,31476,33202,33653.56,27800,32031.07
1/5/2021,34210,28800,32650,34500,29900,33999.52
1/6/2021,34740,29520,33580,37037.51,33356.46,36823.68
1/7/2021,36710,32127,36025,40565.62,36337.36,39498.92
1/8/2021,40700,35746,39340,42125.51,36539.77,40637.23
1/9/2021,42590,37202,40836,41539.88,38733.28,40136.04
1/10/2021,41640,38172,40296,41412.12,35268,38221.67
1/11/2021,41870,36100,38729,38322.18,30448,35408.46
1/12/2021,38690,31100,35576,36693.44,32600,34056.9
1/13/2021,36640,30814,33400,37880,32420,37421.07
1/14/2021,38100,32372,37160,40189.39,36764.33,39163.31
1/15/2021,40060,35830,38990,39790,34478,36755.24
1/16/2021,39900,35400,38300,38000,35366,36025.66
1/17/2021,38160,35224,36360,36898,33863.5,35869.83
1/18/2021,37270,33988,35424,37547.94,34808.47,36686.86
1/19/2021,37420,34308,36096,37961,35850,35891.03
1/20/2021,38162,35574,36234,36461.44,33403,35500
1/21/2021,36490,33967,35396,35636.17,30069.9,30879.97
1/22/2021,35300,30695,31810,33831.52,28880,32986.34
1/23/2021,34300,29100,32390,33495,31405,32086.48
1/24/2021,33636,30349,31895,33125.75,30914.2,32275.63
1/25/2021,33380,31103,32355,34880,31921.47,32253.68
1/26/2021,34549,32034,32451,32950,30810,32474.14
1/27/2021,33000,31243,32135,32562.2,29240,30381.04
1/28/2021,32009,29410,30694,33778.95,29843.33,33399.75
1/29/2021,33696,29778,32936,38641.1,31960,34269.35
1/30/2021,37190,30984,33527,34988.88,32849.06,34289.85
1/31/2021,35750,32286,34230,34393.22,32193.04,33126.21
2/1/2021,34360,32471,33334,34720,32322.47,33546.09
2/2/2021,34860,32652,33440,36041,33450,35504.06
2/3/2021,35544,33072,34736,37700,35410,37652.51
2/4/2021,37896,35260,37616,38833,36233,36976.93
2/5/2021,39045,36345,37870,38411.82,36586.68,38362.65
2/6/2021,38600,36570,37940,40992.4,38269,39249.54
2/7/2021,40800,38073,39224,39757.87,37403.27,38849.25
2/8/2021,39540,37166,38329,47146,38037,46451.32
2/9/2021,45330,37570,43860,48266.36,45057.65,46492.54
2/10/2021,48700,43780,47220,47475,43770,44850
2/11/2021,47170,43646,45140,48810,44038.97,48060.21
2/12/2021,48900,44600,47100,49278.98,46121,47361.03
2/13/2021,49390,45471,47420,48290,46252.1,47221.62
2/14/2021,47960,45404,46470,49875.16,47093.16,48655.21
2/15/2021,49860,46903,48310,49100,45349.21,47981.58
2/16/2021,48890,45340,47600,50953.44,47101.02,49197.94
2/17/2021,51510,47162,49660,52800,49029.62,52194.62
2/18/2021,52790,48800,51640,52640,50948,51619.7
2/19/2021,52060,49980,51120,56582,50800,56004.1
2/20/2021,56130,51730,55570,57699,53905,55917.41
2/21/2021,56840,52670,55550,58472.14,55564.5,57487.43
2/22/2021,57600,54440,56420,57591.87,47751.42,54121.1
2/23/2021,56700,47550,53500,54260.12,44893.82,48930
2/24/2021,54000,44180,48240,51435.58,47000,49702.03
2/25/2021,51000,44300,46250,52134.96,46685.43,47089.37
2/26/2021,52420,47130,47840,48438.01,44100,46313.13
2/27/2021,49140,45810,47300,48476.05,44926.77,46102.63
2/28/2021,49570,45530,48250,46678,43002.05,45163.36
3/1/2021,47800,43430,45900,49800,44972.49,49592.7
3/2/2021,49590,44330,48200,50221.77,47058.06,48450.57
3/3/2021,50770,46710,48410,52681.51,48110.66,50373.75
3/4/2021,53080,48920,51520,51800,47500,48385.77
3/5/2021,51100,47000,48500,49470,46320,48770.57
3/6/2021,48500,45280,47360,49253.63,47090,48908.21
3/7/2021,49610,46600,47730,51480,48908.21,50995.27
3/8/2021,51280,48520,49000,52450,49310,52429.43
3/9/2021,51690,49070,51760,54950,51880,54917.78
3/10/2021,55080,52020,56620,57500.92,53061,55947.98
3/11/2021,57200,53200,57300,58283,54356.44,57844.52
3/12/2021,57300,53320,55380,58186.33,55074.3,57291.03
3/13/2021,57360,54180,52680,61950,56136,61267.41
3/14/2021,61740,56480,59680,61798,59005,59037.12
3/15/2021,61090,57950,58820,60740,54517.28,55646.61
3/16/2021,60060,54600,55240,56988,53335,56954.19
3/17/2021,56700,52820,54660,59078.79,54154.93,58959
3/18/2021,59340,54280,57360,60510,57072,57700.01
3/19/2021,60240,56340,54810,59550,56301.27,58089.11
3/20/2021,59820,56900,58680,59948,57881,58145.61
3/21/2021,61450,58790,61220,58638.7,55403.55,57415.18
3/22/2021,58380,55340,57500,58500,53635.81,54129.56
3/23/2021,58090,53350,51140,55890.68,52981.4,54400
3/24/2021,56100,52320,47280,57234.79,51666,52311.54
3/25/2021,58590,53380,53790,53255.2,50452.08,51325.21
3/26/2021,54120,51160,53040,55123,51260,55030
3/27/2021,55860,52280,60120,56658.76,54001,55828
3/28/2021,57820,54780,57390,56588.31,54694.91,55805.08
3/29/2021,56610,54680,52370,58490.11,54931.15,57677.64
3/30/2021,59240,55970,53860,59560,57110,58794.16
3/31/2021,60250,57240,60300,59920,56812,58807.24
4/1/2021,59160,56300,59540,59592.22,58002,58794.01
4/2/2021,60400,58300,62100,60397.85,58490.03,59031.36
4/3/2021,61070,59260,57210,59925,56900,57134.65
4/4/2021,59400,56800,50000,58553,56517.23,58234.61
4/5/2021,58150,55750,50900,59385,56808.94,59243.39
4/6/2021,60600,57600,62000,59626.18,57500,58059.99
4/7/2021,59500,57480,62000,58720,55536.07,56018.18
4/8/2021,58560,55800,55740,58200,55759.13,58122.26
4/9/2021,58250,55560,53060,58950,57700,58176.03
4/10/2021,60120,58560,55740,61800,57943.95,59832.43
4/11/2021,63240,59840,62300,60816.88,59304.02,60090.2
4/12/2021,60350,58600,60600,61449.91,59500,59911.18
4/13/2021,62400,60300,64400,63850,59873.01,63649.71
4/14/2021,65460,61580,63100,64986.11,61404,63019.1
4/15/2021,64390,60960,58230,63905.83,62157.89,63232.55
4/16/2021,63840,61740,56360,63600,60100,61424.67
4/17/2021,64800,61600,63800,62610,59620,60090.14
4/18/2021,62500,59500,61250,60450,50050,56140.05
4/19/2021,62100,52600,58700,57532.7,54200,55634.39
4/20/2021,58080,52180,50540,57060,53330.82,56410.56
4/21/2021,58450,54810,54550,56756.78,53610,53800
4/22/2021,58260,55700,54330,55470.51,50534.34,51714.61
4/23/2021,57330,52940,55990,52152,47546.16,51122.62
4/24/2021,52620,47880,51180,51183.51,48690,50092.4
4/25/2021,52530,49260,50380,50577.9,46930.43,49063.94
4/26/2021,51820,48570,47750,54364.89,48763,53984.33
4/27/2021,54900,50360,52440,55500,53225.14,55006.25
4/28/2021,56320,53920,56330,56574.13,53852,54861.77
4/29/2021,55980,53820,54200,55222.02,52350,53558.8
4/30/2021,54500,51680,50560,57935,53043.62,57684.16
5/1/2021,59100,54650,56600,58488.17,57051.23,57836.34
5/2/2021,57920,55820,53900,57959.97,56100,56630.33
5/3/2021,57200,55750,47700,59056.59,56500.65,57214.83
5/4/2021,59650,57700,59350,57253.76,53094.59,53263.32
5/5/2021,57060,53200,52800,57940,52880.38,57497.77
5/6/2021,58560,53190,57200,58450,55297.91,56435.35
5/7/2021,59240,55230,55860,58800,55300,57350.88
5/8/2021,58480,55620,50750,59590.96,56961.25,58924.98
5/9/2021,60550,57990,57910,59335.19,56316,58292.53
5/10/2021,58860,56140,56360,59654,53250,55869.67
5/11/2021,59220,53230,55400,56908.66,54541.33,56710.43
5/12/2021,56750,52850,50000,58049.99,48503.74,49595.76
5/13/2021,58640,50430,51760,51358,45596.32,49707.9
5/14/2021,52590,46630,43340,51533,48870.41,49873.27
5/15/2021,53190,49720,52240,50709.43,46584.32,46793.41
5/16/2021,51900,47800,48100,49829.39,43866,46429.28
5/17/2021,49960,45160,46960,46655,42151,43566.18
5/18/2021,47970,42850,42180,45846.61,42268,42882.53
5/19/2021,46700,42800,41500,43615.93,28688,36689.14
5/20/2021,44700,32200,33900,42460,34882,40500.3
5/21/2021,42160,32820,36180,42270.42,33400,37211.02
5/22/2021,43000,35200,39500,38851.34,35201.11,37432.58
5/23/2021,39120,35880,39240,38261.71,31096.7,34651.6
5/24/2021,38900,33900,34500,39917.09,34366,38779.66
5/25/2021,39780,34430,33960,39790.05,36439.32,38326.84
5/26/2021,40100,36500,32700,40900,37804.76,39224.2
5/27/2021,40860,38390,40340,40438.82,37133.22,38527.38
5/28/2021,40560,37690,39210,38888.35,34689.57,35670.99
5/29/2021,38160,34904,35900,37375,33650,34611.94
5/30/2021,36780,33400,28980,36501,33356,35651.81
5/31/2021,36710,33930,32440,37500,34150,37243.38
6/1/2021,37460,35120,34300,37893.76,35500,36693.41
6/2/2021,37900,36160,40020,38232.99,35905,37569.99
6/3/2021,38200,36220,40860,39470,37150.15,39247.4
6/4/2021,39000,36849,44080,39297.35,35552.51,36828.03
6/5/2021,39200,35940,34700,37900.49,34800,35498.62
6/6/2021,37240,34280,29180,36521.16,35201.86,35801.71
6/7/2021,35980,34168,25680,36820,33200,33550.96
6/8/2021,36800,33868,35200,34061.57,30969,33372.58
6/9/2021,34040,31356,33140,37511.31,32390,37368.45
6/10/2021,36400,31780,40100,38489,35750,36669.66
6/11/2021,38040,34568,36960,37679.54,35900,37300.42
6/12/2021,37160,35240,34080,37432.95,34585.9,35537.05
6/13/2021,37380,34911,29520,39374.18,34739.06,38993.65
6/14/2021,38600,34718,37380,41000,38720,40489.1
6/15/2021,41150,38135,42450,41413,39500,40132.86
6/16/2021,41360,39100,44580,40495,38105,38344.97
6/17/2021,40770,38700,38920,39565,37334.76,38060.71
6/18/2021,39700,37400,37000,38198,35100,35811.41
6/19/2021,38640,35505,31130,36471.8,34704.08,35483
6/20/2021,36210,33975,32060,36155,33312,35588.64
6/21/2021,36313,33619,35240,35746.28,31250.51,31606
6/22/2021,35992,32272,35880,33274,28780.01,32496
6/23/2021,33470,29531,31680,34867.77,31711.5,33649
6/24/2021,34468,31052,34080,35406.74,32300,34644.64
6/25/2021,35564,32232,32480,35500,31250,31568.07
6/26/2021,35012,31497,30450,32720.52,30120,32255.56
6/27/2021,33050,30405,31410,34762,31960,34687.71
6/28/2021,34200,31516,35520,35279.38,33855,34487.22
6/29/2021,34813,32951,35020,36623,34206,35911.26
6/30/2021,36480,34352,37300,36089.96,34042.74,35031.39
7/1/2021,36436,34304,34440,35044.98,32672.04,33489.96
7/2/2021,35300,32940,32800,33960,32684,33760.94
7/3/2021,33500,31832,31440,34948.16,33296.98,34652.94
7/4/2021,34736,32995,34400,35955.55,34340.75,35280.16
7/5/2021,35425,33775,35320,35281.55,33032,33672.72
7/6/2021,35057,33067,34390,35120,33500,34206.01
7/7/2021,34639,32685,33090,35089.56,33756.48,33845.64
7/8/2021,35259,33396,33390,33910,32066,32852.04
7/9/2021,33602,31569,31300,34100,32250,33805.01
7/10/2021,34204,31960,33260,34248.58,33010,33497.98
7/11/2021,34367,32642,34570,34629.62,33306.03,34253.81
7/12/2021,34702,33194,35570,34662.73,32650,33070.87
7/13/2021,34848,32936,33240,33336,32186.99,32709.09
7/14/2021,33300,31852,31320,33176.47,31556.02,32803.01
7/15/2021,33370,31664,32060,33170,31140,31866.43
7/16/2021,33272,31256,31928,32245,31018.59,31382.95
7/17/2021,32604,31072,32120,31945,31150.02,31496.65
7/18/2021,31564,30756,31480,32435.93,31075.1,31767
7/19/2021,32485,31343,31747,31890,30358.77,30823.62
7/20/2021,31516,30268,29888,31050,29242.24,29775.9
7/21/2021,30776,29216,28880,32883.9,29472.41,32120
7/22/2021,32726,29598,31744,32583.48,31700,32268.11
7/23/2021,32740,30984,32900,33650,31970.82,33634.46
7/24/2021,33702,32054,34820,34471,33379.81,34230
7/25/2021,34735,33330,34520,35400,33812,35370.66
7/26/2021,35542,34022,35272,48168.6,35185.49,37218.09
7/27/2021,43540,34148,35784,39546.34,36384.31,39442.33
7/28/2021,42040,36132,39196,40894,38753,40003.08
7/29/2021,40000,36890,39440,40665,39203.83,40012.9
7/30/2021,41200,38856,41020,42316.6,38320,42203.25
7/31/2021,42080,39020,42066,42494,41030.19,41448.11
8/1/2021,42920,39840,41440,42614.98,39350.4,39846.78
8/2/2021,42300,38340,39140,40450,38658,39147.48
8/3/2021,40490,37610,38606,39774.93,37600,38203.26
8/4/2021,40070,36980,38380,39975.32,37500,39731.31
8/5/2021,40480,37600,40140,41350,37291,40882.4
8/6/2021,41680,37600,41108,43400,39849.82,42825.43
8/7/2021,43680,39280,43000,44753.01,42395.2,44601.11
8/8/2021,44760,41280,44400,45350,43265,43787.71
8/9/2021,44640,41220,43408,46483,42785,46259.7
8/10/2021,46570,42570,46150,46800,44670.05,45589.99
8/11/2021,46800,43200,45600,46754.27,45354,45522.12
8/12/2021,45960,43520,44260,46226.67,43800,44385.09
8/13/2021,45560,42980,43040,47980.69,44208.88,47792.52
8/14/2021,47660,44020,47040,48300,46000,47083.74
8/15/2021,48660,45280,48060,47388.75,45480,47006.02
8/16/2021,46880,44934,46440,48074.23,45682.03,45926.23
8/17/2021,48640,46300,46600,47194,44412.01,44704.84
8/18/2021,47700,44900,43500,46050,44227.32,44714.09
8/19/2021,45620,43450,43500,47100,43938.38,46772
8/20/2021,47060,44070,46660,49500,46650,49332.74
8/21/2021,49320,46072,50640,49833,48250,48848.29
8/22/2021,49160,47328,48600,49556.2,48075.81,49273.28
8/23/2021,48850,47550,47050,50600,49075.01,49523.91
8/24/2021,50900,49110,48060,49888.88,47600,47719.36
8/25/2021,49200,47060,46980,49297.8,47130.57,48992.65
8/26/2021,48680,46160,48060,49380,46280,46853.06
8/27/2021,49880,46510,48710,49220,46359.97,49083.98
8/28/2021,49600,46500,48500,49333,48395.65,48931.99
8/29/2021,48760,47500,46000,49769.2,47741.31,48795.41
8/30/2021,50000,48400,48300,48916.25,46876.49,47024.7
8/31/2021,48250,46350,46600,48298,46731.03,47150.32
9/1/2021,47740,45934,47040,49160.79,46550.99,48842.94
9/2/2021,49560,46848,48800,50420,48631.2,49299.14
9/3/2021,50640,48380,48780,51111,48333,50027.08
9/4/2021,51300,49000,48300,50582.08,49360,49940.74
9/5/2021,49900,48500,49050,51950,49462.59,51799.57
9/6/2021,52100,49820,53300,52830,51040,52683.97
9/7/2021,53100,50900,53870,52950,42088,46864.39
9/8/2021,52200,42420,46500,47347,44431,46062.29
9/9/2021,47480,42740,41500,47400,45500,46413.88
9/10/2021,47600,44700,44900,47037.5,44120,44860.83
9/11/2021,47710,45930,46430,45999,44737.4,45193.78
9/12/2021,45690,44610,46210,46512.2,44746.51,46046.73
9/13/2021,46900,45000,46700,46933.89,43323.93,44975.96
9/14/2021,47200,43660,43800,47272.98,44692.9,47087.18
9/15/2021,47500,44140,43900,48440.93,46675,48106.12
9/16/2021,48570,46300,47390,48488,47038.21,47745.55
9/17/2021,48700,47400,49300,48150,46750,47303.11
9/18/2021,47480,46320,47460,48850,47044.32,48285.15
9/19/2021,49080,47079,48100,48364.64,46840,47256.91
9/20/2021,47620,45974,42260,47345,42467.86,43026.6
9/21/2021,46600,42250,39800,43629.6,39503.58,40726.1
9/22/2021,43380,39460,38080,43989.98,40551.49,43520
9/23/2021,44060,40102,44880,44976.48,43056,44828.29
9/24/2021,44750,42420,45850,45134.33,40650,42798.49
9/25/2021,44610,41340,42630,42950,41630.26,42651.58
9/26/2021,43200,41500,38800,43940,40725.01,43150
9/27/2021,43800,40780,40000,44350,42059.13,42122.69
9/28/2021,44600,41692,41960,42749,40854,41006.32
9/29/2021,42020,40478,41700,42576.8,40708.73,41499.71
9/30/2021,42800,40860,44000,44100,41387.78,43796.57
10/1/2021,43880,41456,44460,48450,43260.01,48123.94
10/2/2021,47600,42880,46020,48338.68,47410,47626.61
10/3/2021,47620,45210,42560,49304.12,47071.26,48187.3
10/4/2021,49320,46960,46900,49544.48,46885.29,49198.22
10/5/2021,49800,46700,49900,51888,49009.21,51455.12
10/6/2021,51300,47840,53300,56416.02,50410,55321.6
10/7/2021,56320,50050,53840,55337.8,53374.34,53814.99
10/8/2021,54950,51290,49490,56208.73,53647.3,53975
10/9/2021,55780,52410,47760,55589,53656.66,54960.77
10/10/2021,55020,52340,53900,56789,54101,54700
10/11/2021,56160,53010,56080,57880,54458,57500.01
10/12/2021,58230,54080,58620,57756.52,53750,56011.84
10/13/2021,57240,52600,53320,57822.38,54271.24,57393.65
10/14/2021,57300,53140,48900,58586.67,56800,57378.19
10/15/2021,59350,56570,55500,63997.61,56900,61702.33
10/16/2021,63900,58040,61680,62444.23,60220,60925.56
10/17/2021,62680,59400,61840,61796.47,58850,61571.45
10/18/2021,62520,59320,59880,62800,59897.61,62037.92
10/19/2021,63390,60460,59600,64500,61300,64316.7
10/20/2021,64020,61140,57810,67150,63518.81,66064.24
10/21/2021,67670,64060,65730,66750,62000,62260.33
10/22/2021,66400,61950,61700,63796.2,60011.9,60734.27
10/23/2021,63320,59260,57140,61780,59622,61325.11
10/24/2021,63400,60100,60300,61550,59504.46,60902.82
10/25/2021,63000,60720,58860,63795.98,60701,63127.04
10/26/2021,65100,62160,61740,63362.06,59838.05,60358.75
10/27/2021,63950,60510,61110,61550,57865,58449.36
10/28/2021,63420,59160,61380,62641.26,57550,60622.03
10/29/2021,64470,59040,63730,63069.71,60222,62308.22
10/30/2021,64680,61140,61920,62415.85,60631.23,61895.19
10/31/2021,63900,61900,59100,62462.99,60008,61348.61
11/1/2021,64070,61940,61810,62543.58,59400,60942.87
11/2/2021,62740,59860,62400,64349.55,60659.58,63266.69
11/3/2021,65970,62300,68650,63613,60300,62946.45
11/4/2021,63860,60430,61970,63149,60703,61431.86
11/5/2021,64890,62100,60970,62671.48,60762,61006
11/6/2021,64180,62210,59550,61645.75,60100,61511.3
11/7/2021,62140,60680,61060,63377.58,61368.26,63316.4
11/8/2021,65070,63260,67800,67932.89,63308.7,67606.96
11/9/2021,69900,65850,74500,68675.16,66300,67009.98
11/10/2021,68280,65880,67380,69198.7,62400.51,64920.13
11/11/2021,70500,64800,64400,65646.98,64147.12,64831.3
11/12/2021,65500,63300,58450,65500,62313,64156.08
11/13/2021,67280,64620,64920,65073.24,63430.01,64427
11/14/2021,67040,65280,68480,65569.99,63640,65568.39
11/15/2021,67400,65430,69490,66395.05,63351.58,63654.49
11/16/2021,68190,65350,67060,63655.77,58397.14,60106.03
11/17/2021,64560,60480,58000,60848.85,58336.68,60366.96
11/18/2021,62670,59610,58470,60999,56505.48,56921.05
11/19/2021,62800,58700,57400,58333,55604,58069.51
11/20/2021,59280,56960,59600,59873.84,57372,59716.29
11/21/2021,62110,60050,63890,60052.82,58518.88,58661.39
11/22/2021,61920,59500,60800,59624.56,55600,56268.31
11/23/2021,59760,56520,52520,57888,55250,57574.23
11/24/2021,59340,56430,55810,57775.27,55900,57165.08
11/25/2021,59300,56640,56100,59449.62,57029,58988.21
11/26/2021,60660,58980,64880,59186.41,53500,53755.65
11/27/2021,59380,54650,55850,55300,53640.69,54738.77
11/28/2021,56670,54660,54800,57474.76,53245,57315.73
11/29/2021,58500,55140,55680,58924.21,56715,57827.98
11/30/2021,59900,57300,56600,59224.99,55900,56975
12/1/2021,58920,56260,56300,59100,56500,57209.29
12/2/2021,60400,57600,61800,57428.49,55800,56513.57
12/3/2021,57150,55300,56700,57670,50604,53612
12/4/2021,58800,52980,53640,53889.69,40888.89,49135.66
12/5/2021,54330,42280,44380,49699.49,47755,49376.6
12/6/2021,51090,46100,45770,50888,47000,50424.72
12/7/2021,52120,49380,57320,51929,50012,50577.2
12/8/2021,53160,51840,56760,51210.6,48533.33,50455.61
12/9/2021,51680,49600,51960,50773.03,47312.89,47539.76
12/10/2021,51700,47920,43210,50188.42,46828.23,47136.35
12/11/2021,50900,47000,43900,49499.05,46724.35,49381.15
12/12/2021,50300,47370,46840,50768,48616.16,50057.01
12/13/2021,51280,49440,57760,50180,45600,46679.93
12/14/2021,49960,46490,49630,48657.92,46255.6,48324.04
12/15/2021,48050,45450,45150,49479.75,46518.73,48870.48
12/16/2021,50370,47510,45270,49439.79,47500,47624.5
12/17/2021,49880,47950,44410,47988.27,45373.11,46125.33
12/18/2021,47300,45200,43350,47336.99,45438.43,46815.99
12/19/2021,47720,45580,52280,48461.17,46399.37,46668.63
12/20/2021,48400,46500,48800,47533.42,45530.67,46898.14
12/21/2021,48100,46100,44500,49298.78,46650,48875.15
12/22/2021,49170,47020,42040,49599,48420.02,48569.69
12/23/2021,49800,48400,46700,51377.74,48020,50817.92
12/24/2021,51390,48710,54880,51805,50379.25,50808.55
12/25/2021,52000,50200,57000,51190,50105,50403.64
12/26/2021,50350,49250,46600,51300,49350,50765.73
12/27/2021,51500,49800,44300,52134,50450,50707.72
12/28/2021,52300,50300,45100,50713.56,47290,47522.03
12/29/2021,49950,47000,43450,48125.97,46000,46436.54
12/30/2021,47550,45300,48150,47911.68,45880,47095.02
12/31/2021,48390,46024,51720,48575,45650,46210.56
1/1/2022,49200,46332,47160,47943.77,46210.55,47704.35
1/2/2022,47420,45700,36300,48000,46605.68,47280
1/3/2022,48500,46900,43500,47575.22,45665.4,46445.81
1/4/2022,47080,45320,44820,47524.36,45445.57,45833.42
1/5/2022,47800,45500,51900,47075.29,42270,43421.69
1/6/2022,47500,43200,45400,43766,42385.83,43080.01
1/7/2022,44370,42102,39220,43135,40456.56,41553.86
1/8/2022,43500,41200,35500,42335,40500,41688.05
1/9/2022,42800,41000,38900,42773.85,41170,41851.22
1/10/2022,43040,41700,44990,42219.84,39610,41801.55
1/11/2022,41810,39900,43700,43118,41255,42700.68
1/12/2022,43130,41335,44980,44300,42415,43880.72
1/13/2022,44040,42457,40910,44396.68,42301.16,42534.32
1/14/2022,43680,41990,33240,43450,41666,43042.4
1/15/2022,42760,41198,35640,43800,42530.64,43070.51
1/16/2022,43950,42238,44840,43464.71,42531.69,43060.66
1/17/2022,43640,42505,48090,43159.32,41523.68,42176.34
1/18/2022,42480,41311,39970,42680,41260,42337.58
1/19/2022,42900,41310,40400,42545,41115.64,41657.89
1/20/2022,42600,41030,36100,43495,40550,40661.69
1/21/2022,43560,40980,39840,41095.76,35380.92,36425.98
1/22/2022,41040,36200,36560,36817.74,33950,35043.73
1/23/2022,37140,33904,37280,36496.92,34588.8,36230.01
1/24/2022,36600,34370,35400,37528,32853.83,36648.31
1/25/2022,37330,34444,37250,37561.03,35693,36934.26
1/26/2022,37000,34900,30440,38886.58,36232.42,36787.43
1/27/2022,38860,36582,38080,37200,35471.53,37131
1/28/2022,37600,35880,36800,38000,36149.02,37696.21
1/29/2022,37700,35820,40800,38750.94,37252,38150.01
1/30/2022,38310,36640,38940,38420.3,37334.83,37870.01
1/31/2022,38600,37348,38100,38741.73,36620,38439.04
2/1/2022,38720,37076,34800,39260.26,37969,38680.51
2/2/2022,39330,37790,38190,38834.18,36529.81,36892.03
2/3/2022,39080,37076,37720,37395,36204.3,37289.86
2/4/2022,36750,35773,36490,41741.76,37011,41550
2/5/2022,40320,36334,39540,41922,40920,41374.69
2/6/2022,42100,40000,42780,42656.8,41100,42361.35
2/7/2022,42820,41115,38950,44541.16,41609.76,43829.99
2/8/2022,44220,41620,42280,45600,42641,44021.57
2/9/2022,45680,42120,43720,44826,43089.08,44358.08
2/10/2022,44160,41320,42360,45847.5,43136.96,43471.29
2/11/2022,45860,42620,43640,43900,41914.23,42366
2/12/2022,43690,40880,40560,42980,41540,42199.87
2/13/2022,42250,39800,34650,42755.97,41850,42041.13
2/14/2022,43040,41310,41460,42888,41526,42525.14
2/15/2022,43240,41640,42440,44777,42406.23,44529.6
2/16/2022,45300,42900,49500,44536.8,43277.8,43860.7
2/17/2022,44080,41810,42200,44150,40020.1,40491.7
2/18/2022,43300,39450,37750,40944.1,39422,39966.8
2/19/2022,40660,38120,32860,40438.7,39610.3,40052.6
2/20/2022,40750,39025,39100,40100.1,37905,38368.1
2/21/2022,40460,38714,39910,39510,36762,36986.4
2/22/2022,39000,36595,36940,38450,36310.1,38212
2/23/2022,38140,35934,37170,39250,36963.2,37227.8
2/24/2022,39300,36904,37520,40376.1,34303.7,38315.1
2/25/2022,39900,35237,35640,39750,37999.2,39205.4
2/26/2022,39140,36367,35850,40441.1,38561.7,39099.3
2/27/2022,40420,38239,39720,39868.6,36934.6,37672
2/28/2022,40000,37460,39300,44341,37414.4,43155
3/1/2022,43000,36900,42700,44935,42765.4,44394.1
3/2/2022,45130,41720,44660,45350,43321,43885.7
3/3/2022,44500,41660,38800,44080,41831,42449.5
3/4/2022,43400,40600,38900,42525.3,38521,39127.7
3/5/2022,41900,37400,36250,39580,38547.6,39375.1
3/6/2022,39280,36600,36120,39690,38056,38401.1
3/7/2022,39730,37571,39090,39550,37134,37963.8
3/8/2022,39957,37775,38780,39340.5,37853,38709.9
3/9/2022,39000,37300,35320,42647.5,38638.7,41937.5
3/10/2022,42450,38744,41110,42034.3,38512,39407.2
3/11/2022,42420,38413,40380,40242,38200.1,38713
3/12/2022,40120,37456,38080,39578.4,38630,38792.6
3/13/2022,39800,37860,38500,39300,37500,37743.7
3/14/2022,39440,37708,37440,39989,37522.1,39653.8
3/15/2022,40200,37792,39800,39901.8,38073.8,39271
3/16/2022,39396,37060,37760,41804,38700,41105.8
3/17/2022,42100,38910,43700,41498.4,40442.8,40898.1
3/18/2022,40940,38795,40560,42322.8,40084.2,41751.5
3/19/2022,42330,39910,42140,42446.6,41500,42188.2
3/20/2022,42640,40620,41240,42269.3,40900,41261
3/21/2022,41610,39610,37270,41544.4,40430,40982
3/22/2022,40980,38920,38760,43517.7,40852,42349.8
3/23/2022,43260,40460,43590,43051,41731.3,42867.9
3/24/2022,43420,40820,45390,44200,42525,43973.4
3/25/2022,44360,42080,44760,45142,43575.1,44290.6
3/26/2022,45280,43120,44400,44785,44041,44489.2
3/27/2022,44100,42020,39460,47047,44416,46820.8
3/28/2022,46550,43660,45860,48200,46651.2,47121.9
3/29/2022,48320,45520,48240,48100,46911,47418.5
3/30/2022,47420,44740,48180,47688.6,46535,47053.2
3/31/2022,47920,45590,46940,47619.4,45185,45506
4/1/2022,47800,44600,43500,46700,44206.2,46266.2
4/2/2022,46020,42280,39600,47236.8,45600,45794.6
4/3/2022,47720,44720,46200,47448,45501,46392.4
4/4/2022,47860,45170,49480,46895.5,45094,46580.9
4/5/2022,46360,43740,47420,47188,45300,45477.4
4/6/2022,47660,44880,45770,45494.2,43100,43159.7
4/7/2022,45080,42020,35360,43888,42685,43417.1
4/8/2022,43200,40800,36050,43968.1,42074,42229.2
4/9/2022,44400,42040,43420,42796.7,42100.3,42727.7
4/10/2022,43440,42020,48630,43399.4,41838,42140.4
4/11/2022,43760,42160,45560,42399.9,39136.7,39505.6
4/12/2022,42080,39210,36120,40700,39224,40060.7
4/13/2022,40220,38098,29840,41580,39569.8,41129.8
4/14/2022,41560,39492,38760,41474.8,39522,39915.9
4/15/2022,41860,39910,42910,40888,39734.2,40529.5
4/16/2022,40180,38900,43180,40700,39944.9,40361
4/17/2022,40800,39700,41600,40574.1,39510,39649.1
4/18/2022,40600,39270,37300,41310,38465.7,40785.6
4/19/2022,41460,38927,35850,41788,40543.7,41472.9
4/20/2022,41840,39824,39480,42166.8,40800,41327.7
4/21/2022,42220,40424,43160,42966,39630,40449.8
4/22/2022,42930,40020,46010,40786.1,39133,39674.2
4/23/2022,40220,37920,38300,40000,39259,39415.1
4/24/2022,40070,38329,35340,39930.6,38884.1,39433.4
4/25/2022,40040,38788,34560,40650,38111,40411
4/26/2022,40700,38592,39430,40800,37671.8,38093.7
4/27/2022,40900,37724,40660,39470,37844.5,39209
4/28/2022,38840,36732,38980,40376.6,38861.8,39732.5
4/29/2022,40220,38282,40720,39924.8,38160,38572.2
4/30/2022,40110,38269,36440,38782.6,37550,37614.5
5/1/2022,38280,36900,30310,38680.6,37350,38440.5
5/2/2022,38910,37114,36210,39222,38032.2,38525.6
5/3/2022,39400,37754,41150,38674.7,37500.1,37712.9
5/4/2022,38100,36783,37760,40071.7,37655.2,39684
5/5/2022,39900,37636,40720,39845,35388,36534.7
5/6/2022,40000,36035,35240,36679.3,35200,35995.3
5/7/2022,36720,34624,31160,36138,34700,35466.7
5/8/2022,36180,34434,32130,35504,33665,34032
5/9/2022,35800,34184,36100,34243.3,30003.6,30056.6
5/10/2022,34092,30920,31770,32650,29701.4,31002.1
5/11/2022,32900,29770,31200,32197.6,27651,29074.7
5/12/2022,32360,28231,27660,30257,26631,29020.7
5/13/2022,30120,26652,26560,31072.6,28730.4,29274.3
5/14/2022,30836,28148,27680,30352.2,28602.3,30079.8
5/15/2022,30524,28380,30880,31462,29448,31324.4
5/16/2022,31315,29028,32450,31327.4,29052.3,29866.7
5/17/2022,31352,28924,31860,30794,29420,30437
5/18/2022,30992,28912,30200,30700,28629.6,28700.6
5/19/2022,30705,28362,28100,30550,28670.5,30319.9
5/20/2022,30562,28174,28550,30784.4,28702,29188.9
5/21/2022,30780,28296,29440,29650,28927,29427.4
5/22/2022,30044,28536,30240,30500,29223.6,30284
5/23/2022,30396,28940,31360,30658,28840.7,29097.7
5/24/2022,30756,28980,30156,29887.3,28637.6,29643.1
5/25/2022,30236,28744,29200,30246.7,29330,29536.7
5/26/2022,30344,29092,28844,29877,27952.1,29194
5/27/2022,30156,28432,28976,29314.3,29134.5,29282.3
